Entreprise,Job,Localisation
"Payne, Roberts and Davis",Senior Python Developer,"Stewartbury, AA"
Vasquez-Davidson,Energy engineer,"Christopherville, AA"
"Jackson, Chambers and Levy",Legal executive,"Port Ericaburgh, AA"
Savage-Bradley,Fitness centre manager,"East Seanview, AP"
Ramirez Inc,Product manager,"North Jamieview, AP"
Rogers-Yates,Medical technical officer,"Davidville, AP"
Kramer-Klein,Physiological scientist,"South Christopher, AE"
Meyers-Johnson,Textile designer,"Port Jonathan, AE"
Hughes-Williams,Television floor manager,"Osbornetown, AE"
"Jones, Williams and Villa",Waste management officer,"Scotttown, AP"
Garcia PLC,Software Engineer (Python),"Ericberg, AE"
Gregory and Sons,Interpreter,"Ramireztown, AE"
"Clark, Garcia and Sosa",Architect,"Figueroaview, AA"
Bush PLC,Meteorologist,"Kelseystad, AA"
Salazar-Meyers,Audiological scientist,"Williamsburgh, AE"
"Parker, Murphy and Brooks",English as a second language teacher,"Mitchellburgh, AE"
Cruz-Brown,Surgeon,"West Jessicabury, AA"
Macdonald-Ferguson,Equities trader,"Maloneshire, AE"
"Williams, Peterson and Rojas",Newspaper journalist,"Johnsonton, AA"
Smith and Sons,Materials engineer,"South Davidtown, AP"
"Moss, Duncan and Allen",Python Programmer (Entry-Level),"Port Sara, AE"
Gomez-Carroll,Product/process development scientist,"Marktown, AA"
"Manning, Welch and Herring","Scientist, research (maths)","Laurenland, AE"
"Lee, Gutierrez and Brown",Ecologist,"Lauraton, AP"
"Davis, Serrano and Cook",Materials engineer,"South Tammyberg, AP"
Smith LLC,Historic buildings inspector/conservation officer,"North Brandonville, AP"
Thomas Group,Data scientist,"Port Robertfurt, AA"
Silva-King,Psychiatrist,"Burnettbury, AE"
Pierce-Long,Structural engineer,"Herbertside, AA"
Walker-Simpson,Immigration officer,"Christopherport, AP"
Cooper and Sons,Python Programmer (Entry-Level),"West Victor, AE"
"Donovan, Gonzalez and Figueroa",Neurosurgeon,"Port Aaron, AP"
"Morgan, Butler and Bennett",Broadcast engineer,"Loribury, AA"
Snyder-Lee,Make,"Angelastad, AP"
Harris PLC,"Nurse, adult","Larrytown, AE"
Washington PLC,Air broker,"West Colin, AP"
"Brown, Price and Campbell","Editor, film/video","West Stephanie, AP"
Mcgee PLC,"Production assistant, radio","Laurentown, AP"
Dixon Inc,"Engineer, communications","Wrightberg, AP"
"Thompson, Sheppard and Ward",Sales executive,"Alberttown, AE"
Adams-Brewer,Software Developer (Python),"Brockburgh, AE"
Schneider-Brady,Futures trader,"North Jason, AE"
Gonzales-Frank,Tour manager,"Arnoldhaven, AE"
Smith-Wong,Cytogeneticist,"Lake Destiny, AP"
Pierce-Herrera,"Designer, multimedia","South Timothyburgh, AP"
"Aguilar, Rivera and Quinn",Trade union research officer,"New Jimmyton, AE"
"Lowe, Barnes and Thomas","Chemist, analytical","New Lucasbury, AP"
"Lewis, Gonzalez and Vasquez","Programmer, multimedia","Port Cory, AE"
Taylor PLC,"Engineer, broadcasting (operations)","Gileston, AA"
"Oliver, Jones and Ramirez","Teacher, primary school","Cindyshire, AA"
Rivera and Sons,Python Developer,"East Michaelfort, AA"
Garcia PLC,Manufacturing systems engineer,"Joybury, AE"
"Johnson, Wells and Kramer","Producer, television/film/video","Emmatown, AE"
Gonzalez LLC,"Scientist, forensic","Colehaven, AP"
"Morgan, White and Macdonald",Bonds trader,"Port Coryton, AE"
Robinson-Fitzpatrick,Editorial assistant,"Amyborough, AA"
"Waters, Wilson and Hoover",Photographer,"Reynoldsville, AA"
Hill LLC,Retail banker,"Port Billy, AP"
Li-Gregory,Jewellery designer,"Adamburgh, AA"
"Fisher, Ryan and Coleman",Ophthalmologist,"Wilsonmouth, AA"
Stewart-Alexander,"Back-End Web Developer (Python, Django)","South Kimberly, AA"
Abbott and Sons,Licensed conveyancer,"Benjaminland, AP"
"Bryant, Santana and Davenport",Futures trader,"Zacharyport, AA"
Smith PLC,Counselling psychologist,"Port Devonville, AE"
Patterson-Singh,Insurance underwriter,"East Thomas, AE"
Martinez-Berry,"Engineer, automotive","New Jeffrey, AP"
"May, Taylor and Fisher","Producer, radio","Davidside, AA"
"Bailey, Owen and Thompson",Dispensing optician,"Jamesville, AA"
Vasquez Ltd,"Designer, fashion/clothing","New Kelly, AP"
Leblanc LLC,Chartered loss adjuster,"Lake Antonio, AA"
"Jackson, Ali and Mckee","Back-End Web Developer (Python, Django)","New Elizabethside, AA"
"Blankenship, Knight and Powell",Forest/woodland manager,"Millsbury, AE"
"Patton, Haynes and Jones",Clinical cytogeneticist,"Lloydton, AP"
Wood Inc,Print production planner,"Port Jeremy, AA"
Collins Group,Systems developer,"New Elizabethtown, AA"
Flores-Nelson,Graphic designer,"Charlesstad, AE"
"Mitchell, Jones and Olson",Writer,"Josephbury, AE"
Howard Group,Field seismologist,"Seanfurt, AA"
Kramer-Edwards,Chief Strategy Officer,"Williambury, AA"
Berry-Houston,Air cabin crew,"South Jorgeside, AP"
Mathews Inc,Python Programmer (Entry-Level),"Robertborough, AP"
Riley-Johnson,Warden/ranger,"South Saratown, AP"
Spencer and Sons,Sports therapist,"Hullview, AA"
Camacho-Sanchez,Arts development officer,"Philipland, AP"
Oliver and Sons,Printmaker,"North Patty, AE"
Eaton PLC,Health and safety adviser,"North Stephen, AE"
Stanley-Frederick,Manufacturing systems engineer,"Stevensland, AP"
Bradley LLC,"Programmer, applications","Reyesstad, AE"
"Parker, Goodwin and Zavala",Medical physicist,"Bellberg, AP"
Kim-Miles,Media planner,"North Johnland, AE"
Moreno-Rodriguez,Software Developer (Python),"Martinezburgh, AE"
Brown-Ortiz,"Surveyor, land/geomatics","Joshuatown, AE"
Hartman PLC,Legal executive,"West Ericstad, AA"
Brooks Inc,"Librarian, academic","Tuckertown, AE"
Washington-Castillo,Barrister,"Perezton, AE"
"Nguyen, Yoder and Petty",Museum/gallery exhibitions officer,"Lake Abigail, AE"
Holder LLC,"Radiographer, diagnostic","Jacobshire, AP"
Yates-Ferguson,Database administrator,"Port Susan, AE"
Ortega-Lawrence,Furniture designer,"North Tiffany, AA"
"Fuentes, Walls and Castro",Ship broker,"Michelleville, AP"
